{
    "camera_matrix": [
        [
            377.37423860424497,
            0.0,
            327.28641238899706
        ],
        [
            0.0,
            379.4286753562407,
            227.6535887209975
        ],
        [
            0.0,
            0.0,
            1.0
        ]
    ],
    "dist_coeff": [
        [
            -0.0009942072066114298,
            -0.1446811326858434,
            -0.0010671198032027249,
            0.0034584987402727398,
            0.05330910654108602
        ]
    ],
    "reprojection_error": 0.9268274183318667
}