{
    "camera_matrix": [
        [
            253.5943870086363,
            0.0,
            321.78899300010653
        ],
        [
            0.0,
            255.09663916433755,
            218.99550463205492
        ],
        [
            0.0,
            0.0,
            1.0
        ]
    ],
    "dist_coeff": [
        [
            0.00819645824883935,
            -0.04298567459770487,
            -0.0014847932978533877,
            0.00013984873601542198,
            0.009599578855906243
        ]
    ],
    "reprojection_error": 0.5244000539706903
}