{
    "camera_matrix": [
        [
            1001.1284260974784,
            0.0,
            272.8678528695408
        ],
        [
            0.0,
            1013.7557351315742,
            216.76196463332306
        ],
        [
            0.0,
            0.0,
            1.0
        ]
    ],
    "dist_coeff": [
        [
            -0.497668722362142,
            0.3852258885323099,
            0.004531409717476171,
            0.04776930355591656,
            -9.795787172903136
        ]
    ],
    "reprojection_error": 2.1720089846293194
}