{
    "camera_matrix": [
        [
            289.9095915648903,
            0.0,
            329.86479677661055
        ],
        [
            0.0,
            291.0509364936789,
            226.5491749052028
        ],
        [
            0.0,
            0.0,
            1.0
        ]
    ],
    "dist_coeff": [
        [
            0.001087463941290891,
            -0.061242319310482934,
            -0.0012477045620045125,
            -0.0015944157516858115,
            0.01684902183689297
        ]
    ],
    "reprojection_error": 0.44848395801885577
}