{
    "camera_matrix": [
        [
            431.64979667927247,
            0.0,
            325.6964171916642
        ],
        [
            0.0,
            433.88191022603274,
            230.30659968209142
        ],
        [
            0.0,
            0.0,
            1.0
        ]
    ],
    "dist_coeff": [
        [
            -0.020605872484341467,
            -0.17735958832585208,
            -0.00506392391497578,
            0.007101242418109801,
            0.03782076058283181
        ]
    ],
    "reprojection_error": 0.970370915457413
}